{"PopulationSize":10,"PopulationCount":6,"WinnerCount":4,"AverageFitnessCurrentPopulation":102.477577,"BestFitnessCurrentPopulation":1000.61395,"BestScoreCurrentPopulation":227,"BestPopulationNo":3,"BestPopulationAverageFitness":19.2373371,"BestFitnessEver":177.160522,"BestScoreEver":39,"Best4Fitnesses":[1000.61395,7.41130972,6.66358,1.44098],"Best4Scores":[227,0,0,0],"NeuralNetworkBestBird":{"parameters":[2,6,1],"weights":[[[-0.12249648571014404,-0.00072276592254638672,0.33890077471733093,-0.17706143856048584,0.77147316932678223,0.684171199798584],[-0.55523347854614258,-0.05159461498260498,-0.291451096534729,0.952777624130249,0.67994070053100586,0.27469179034233093]],[[-0.26608788967132568],[0.6739652156829834],[-0.21395933628082275],[0.83590555191040039],[-0.272133469581604],[-0.028605341911315918]]],"lenght":3}}